policy,arrivals,completed,rejected,completion_rate,rejection_rate,mean_wait_time,p95_wait_time,mean_pickup_distance,mean_trip_distance,fleet_utilization
min-cost-bipartite,307,307,0,1.0,0.0,2.0586319218241043,6.0,2.0586319218241043,10.521172638436482,0.14303703703703705
online-primal-dual,307,307,0,1.0,0.0,2.0749185667752443,6.0,2.0749185667752443,10.521172638436482,0.14322222222222222
greedy-nearest,307,307,0,1.0,0.0,2.1042345276872965,6.0,2.1042345276872965,10.521172638436482,0.14355555555555555
learned-demand-aware,307,307,0,1.0,0.0,2.1205211726384365,5.0,2.1205211726384365,10.521172638436482,0.14374074074074075
batch-30s,307,298,9,0.9706840390879479,0.029315960912052116,16.090604026845636,30.0,2.1073825503355703,10.51006711409396,0.13925925925925925
